{"cameraMode":{"drawMode":0,"name":"Shaded","section":"Shading Mode"},"sceneLighting":true,"audioPlay":false,"sceneViewState":{"m_AlwaysRefresh":false,"showFog":true,"showSkybox":false,"showFlares":true,"showImageEffects":true,"showParticleSystems":true,"showVisualEffectGraphs":true,"m_FxEnabled":true},"in2DMode":false,"pivot":{"x":-0.4640822112560272,"y":3.6342406272888185,"z":4.507108211517334},"rotation":{"x":-0.19637340307235719,"y":-0.07872703671455383,"z":0.01592523604631424,"w":-0.9772666692733765},"size":11.90103816986084,"orthographic":false}