{"cameraMode":{"drawMode":0,"name":"Shaded","section":"Shading Mode"},"sceneLighting":false,"audioPlay":false,"sceneViewState":{"m_AlwaysRefresh":false,"showFog":true,"showSkybox":false,"showFlares":true,"showImageEffects":true,"showParticleSystems":true,"showVisualEffectGraphs":true,"m_FxEnabled":true},"in2DMode":false,"pivot":{"x":-0.21076874434947968,"y":0.24385260045528413,"z":0.05677495524287224},"rotation":{"x":-0.3702637255191803,"y":-0.28097546100616457,"z":0.11856678873300553,"w":-0.8774457573890686},"size":1.0166689157485963,"orthographic":false}